,rain_tmr_class
0,0
1,0
2,0
3,0
4,0
5,0
6,0
7,0
8,0
9,0
10,0
11,0
12,0
13,0
14,0
15,0
16,0
17,0
18,0
19,0
20,0
21,1
22,1
23,1
24,0
25,0
26,0
27,0
28,0
29,0
30,1
31,1
32,0
33,0
34,0
35,0
36,0
37,0
38,0
39,0
40,0
41,0
42,0
43,0
44,0
45,0
46,0
47,0
48,0
49,0
50,1
51,1
52,1
53,0
54,1
55,1
56,0
57,1
58,1
59,1
60,1
61,0
62,0
63,0
64,0
65,0
66,0
67,0
68,0
69,1
70,1
71,1
72,0
73,0
74,0
75,0
76,0
77,0
78,0
79,0
80,0
81,0
82,0
83,0
84,0
85,0
86,0
87,0
88,0
89,0
90,1
91,1
92,1
93,0
94,1
95,0
96,0
97,0
98,0
99,0
100,0
101,0
102,1
103,1
104,1
105,0
106,0
107,0
108,0
109,0
110,0
111,1
112,1
113,0
114,0
115,1
116,1
117,1
118,1
119,0
120,1
121,1
122,1
123,0
124,0
125,0
126,0
127,0
128,0
129,1
130,0
131,0
132,0
133,0
134,0
135,0
136,0
137,0
138,1
139,0
140,0
141,0
142,0
143,1
144,1
145,0
146,0
147,0
148,1
149,0
150,0
151,0
152,0
153,0
154,0
155,0
156,0
157,1
158,1
159,1
160,0
161,0
162,1
163,0
164,0
165,0
166,0
167,1
168,1
169,1
170,1
171,1
172,0
173,1
174,0
175,1
176,0
177,0
178,0
179,0
180,0
181,0
182,1
183,1
184,0
185,0
186,0
187,1
188,1
189,0
190,1
191,1
192,1
193,0
194,0
195,1
196,1
197,1
198,1
199,1
200,1
201,1
202,0
203,0
204,0
205,0
206,0
207,0
208,0
209,0
210,0
211,1
212,1
213,1
214,1
215,1
216,1
217,1
218,0
219,0
220,0
221,0
222,0
223,0
224,0
225,0
226,1
227,1
228,0
229,0
230,0
231,0
232,1
233,0
234,1
235,1
236,1
237,1
238,1
239,0
240,0
241,0
242,1
243,1
244,1
245,0
246,0
247,0
248,0
249,0
250,1
251,0
252,0
253,0
254,0
255,0
256,0
257,0
258,0
259,0
260,0
261,0
262,1
263,0
264,0
265,0
266,0
267,0
268,0
269,0
270,0
271,0
272,0
273,0
274,0
275,0
276,0
277,1
278,0
279,0
280,1
281,0
282,0
283,0
284,1
285,1
286,1
287,0
288,0
289,0
290,0
291,1
292,1
293,1
294,1
295,1
296,0
297,1
298,0
299,0
300,0
301,0
302,0
303,0
304,0
305,0
306,0
307,0
308,0
309,0
310,1
311,1
312,0
313,0
314,1
315,1
316,0
317,0
318,0
319,1
320,0
321,0
322,0
323,0
324,0
325,0
326,0
327,0
328,0
329,1
330,0
331,0
332,0
333,0
334,0
335,0
336,0
337,0
338,0
339,0
340,0
341,0
342,0
343,0
344,1
345,1
346,1
347,0
348,0
349,0
350,0
351,0
352,1
353,0
354,0
355,0
356,0
357,0
358,0
359,0
360,0
361,0
362,0
363,0
364,0
365,0
366,0
367,0
368,0
369,0
370,0
371,0
372,0
373,0
374,0
375,0
376,0
377,0
378,0
379,0
380,0
381,0
382,0
383,0
384,0
385,0
386,0
387,0
388,0
389,1
390,1
391,1
392,1
393,0
394,0
395,0
396,0
397,0
398,0
399,0
400,0
401,0
402,0
403,0
404,0
405,0
406,0
407,0
408,0
409,0
410,0
411,0
412,0
413,0
414,0
415,0
416,0
417,0
418,0
419,0
420,1
421,0
422,0
423,0
424,0
425,0
426,0
427,0
428,0
429,0
430,0
431,0
432,0
433,0
434,1
435,1
436,0
437,0
438,0
439,0
440,0
441,0
442,0
443,0
444,0
445,0
446,0
447,0
448,1
449,0
450,1
451,0
452,0
453,0
454,0
455,0
456,0
457,0
458,1
459,1
460,1
461,0
462,0
463,1
464,0
465,1
466,0
467,0
468,0
469,0
470,0
471,0
472,1
473,1
474,0
475,1
476,1
477,1
478,0
479,1
480,0
481,0
482,0
483,0
484,0
485,0
486,0
487,1
488,0
489,0
490,0
491,0
492,1
493,1
494,0
495,0
496,0
497,0
498,0
499,0
500,1
501,0
502,1
503,1
504,0
505,1
506,1
507,0
508,0
509,0
510,0
511,0
512,1
513,0
514,1
515,1
516,0
517,1
518,0
519,0
520,1
521,1
522,1
523,1
524,1
525,1
526,1
527,1
528,1
529,0
530,1
531,1
532,0
533,0
534,0
535,1
536,0
537,0
538,1
539,1
540,1
541,1
542,1
543,1
544,1
545,1
546,1
547,1
548,0
549,1
550,1
551,1
552,1
553,0
554,0
555,0
556,0
557,1
558,1
559,1
560,0
561,1
562,1
563,1
564,1
565,1
566,1
567,0
568,1
569,1
570,1
571,0
572,0
573,0
574,0
575,1
576,1
577,0
578,0
579,0
580,0
581,0
582,0
583,0
584,1
585,1
586,1
587,0
588,0
589,0
590,0
591,0
592,0
593,1
594,0
595,0
596,0
597,0
598,0
599,0
600,0
601,1
602,1
603,1
604,1
605,1
606,1
607,1
608,0
609,1
610,1
611,1
612,1
613,1
614,0
615,0
616,0
617,0
618,1
619,0
620,0
621,0
622,0
623,0
624,1
625,1
626,0
627,0
628,0
629,0
630,0
631,0
632,0
633,0
634,1
635,0
636,0
637,0
638,0
639,0
640,0
641,0
642,0
643,0
644,0
645,0
646,0
647,0
648,0
649,0
650,0
651,0
652,0
653,0
654,0
655,0
656,0
657,0
658,0
659,0
660,0
661,0
662,0
663,0
664,0
665,0
666,0
667,0
668,0
669,0
670,0
671,0
672,0
673,0
674,0
675,0
676,0
677,0
678,1
679,0
680,0
681,0
682,0
683,0
684,0
685,0
686,0
687,0
688,0
689,0
690,0
691,0
692,0
693,0
694,0
695,0
696,0
697,0
698,0
699,0
700,1
701,1
702,1
703,0
704,0
705,0
706,0
707,0
708,0
709,1
710,1
711,0
712,0
713,0
714,0
715,0
716,0
717,0
718,0
719,0
720,0
721,0
722,0
723,0
724,0
725,0
726,0
727,0
728,0
729,0
730,0
731,0
732,0
733,0
734,0
735,0
736,1
737,0
738,0
739,0
740,1
741,0
742,0
743,0
744,0
745,0
746,0
747,0
748,1
749,1
750,0
751,0
752,0
753,0
754,1
755,0
756,0
757,1
758,0
759,0
760,0
761,0
762,0
763,0
764,0
765,0
766,0
767,0
768,0
769,0
770,0
771,0
772,0
773,0
774,0
775,0
776,0
777,0
778,0
779,0
780,0
781,0
782,0
783,0
784,0
785,0
786,0
787,0
788,0
789,0
790,0
791,0
792,0
793,0
794,0
795,1
796,0
797,0
798,0
799,0
800,0
801,0
802,1
803,1
804,0
805,0
806,0
807,1
808,1
809,1
810,0
811,0
812,0
813,0
814,0
815,1
816,0
817,0
818,0
819,1
820,0
821,0
822,0
823,0
824,0
825,0
826,0
827,0
828,0
829,0
830,0
831,0
832,0
833,0
834,0
835,0
836,0
837,0
838,0
839,0
840,0
841,0
842,0
843,0
844,0
845,0
846,0
847,1
848,1
849,1
850,1
851,1
852,1
853,1
854,1
855,1
856,1
857,1
858,1
859,0
860,1
861,1
862,0
863,0
864,0
865,0
866,0
867,0
868,1
869,1
870,1
871,0
872,0
873,0
874,1
875,0
876,0
877,1
878,1
879,1
880,1
881,0
882,0
883,0
884,1
885,1
886,0
887,1
888,1
889,1
890,1
891,1
892,0
893,1
894,0
895,0
896,0
897,1
898,1
899,1
900,0
901,1
902,0
903,1
904,1
905,0
906,1
907,0
908,0
909,0
910,0
911,0
912,0
913,1
914,1
915,0
916,0
917,1
918,0
919,1
920,1
921,0
922,0
923,1
924,1
925,1
926,1
927,1
928,0
929,0
930,1
931,1
932,1
933,1
934,1
935,0
936,1
937,1
938,1
939,0
940,0
941,0
942,0
943,0
944,0
945,1
946,1
947,1
948,0
949,0
950,0
951,0
952,0
953,0
954,0
955,0
956,0
957,1
958,0
959,0
960,1
961,0
962,0
963,0
964,0
965,0
966,0
967,1
968,1
969,1
970,1
971,1
972,1
973,1
974,1
975,1
976,0
977,0
978,0
979,1
980,0
981,0
982,1
983,0
984,0
985,0
986,1
987,1
988,0
989,0
990,0
991,0
992,0
993,0
994,0
995,0
996,0
997,0
998,0
999,0
1000,0
1001,0
1002,0
1003,0
1004,1
1005,0
1006,0
1007,1
1008,0
1009,1
1010,0
1011,0
1012,0
1013,0
1014,0
1015,1
1016,1
1017,0
1018,0
1019,0
1020,0
1021,0
1022,0
1023,0
1024,0
1025,0
1026,0
1027,0
1028,0
1029,0
1030,0
1031,0
1032,1
1033,0
1034,0
1035,1
1036,0
1037,0
1038,0
1039,0
1040,0
1041,0
1042,0
1043,0
1044,1
1045,0
1046,1
1047,0
1048,0
1049,0
1050,0
1051,0
1052,0
1053,1
1054,0
1055,0
1056,1
1057,1
1058,0
1059,0
1060,0
1061,0
1062,0
1063,0
1064,0
1065,1
1066,0
1067,0
1068,0
1069,0
1070,0
1071,1
1072,1
1073,0
1074,0
1075,0
1076,0
1077,0
1078,0
1079,0
1080,0
1081,0
1082,1
1083,0
1084,0
1085,0
1086,0
1087,0
1088,0
1089,0
1090,0
1091,0
1092,0
1093,0
1094,0
1095,0
1096,0
1097,0
1098,0
1099,0
1100,0
1101,0
1102,0
1103,1
1104,0
1105,0
1106,0
1107,0
1108,0
1109,0
1110,0
1111,0
1112,0
1113,0
1114,1
1115,0
1116,0
1117,0
1118,0
1119,0
1120,0
1121,0
1122,0
1123,0
1124,0
1125,0
1126,0
1127,0
1128,0
1129,0
1130,0
1131,0
1132,0
1133,0
1134,0
1135,0
1136,0
1137,1
1138,1
1139,1
1140,0
1141,0
1142,0
1143,1
1144,0
1145,0
1146,0
1147,0
1148,0
1149,0
1150,0
1151,0
1152,0
1153,1
1154,0
1155,0
1156,0
1157,1
1158,0
1159,0
1160,0
1161,0
1162,0
1163,0
1164,0
1165,0
1166,0
1167,1
1168,0
1169,0
1170,1
1171,1
1172,1
1173,1
1174,0
1175,0
1176,0
1177,0
1178,0
1179,0
1180,0
1181,0
1182,0
1183,0
1184,0
1185,0
1186,0
1187,0
1188,0
1189,0
1190,0
1191,0
1192,0
1193,1
1194,0
1195,1
1196,1
1197,1
1198,0
1199,0
1200,0
1201,0
1202,0
1203,0
1204,0
1205,0
1206,1
1207,0
1208,0
1209,1
1210,1
1211,1
1212,0
1213,0
1214,0
1215,0
1216,0
1217,1
1218,0
1219,0
1220,0
1221,0
1222,0
1223,0
1224,0
1225,0
1226,0
1227,0
1228,1
1229,1
1230,0
1231,1
1232,1
1233,1
1234,1
1235,1
1236,1
1237,1
1238,1
1239,0
1240,0
1241,0
1242,0
1243,1
1244,1
1245,0
1246,0
1247,1
1248,1
1249,1
1250,1
1251,0
1252,1
1253,0
1254,0
1255,0
1256,0
1257,0
1258,0
1259,1
1260,0
1261,1
1262,1
1263,1
1264,0
1265,0
1266,0
1267,0
1268,0
1269,0
1270,0
1271,1
1272,1
1273,0
1274,1
1275,1
1276,1
1277,0
1278,0
1279,0
1280,0
1281,0
1282,0
1283,0
1284,0
1285,1
1286,1
1287,1
1288,1
1289,0
1290,1
1291,1
1292,1
1293,1
1294,1
1295,1
1296,0
1297,1
1298,1
1299,0
1300,1
1301,1
1302,1
1303,1
1304,1
1305,1
1306,1
1307,0
1308,0
1309,0
1310,0
1311,0
1312,0
1313,0
1314,1
1315,1
1316,0
1317,1
1318,1
1319,1
1320,1
1321,0
1322,0
1323,0
1324,0
1325,0
1326,1
1327,1
1328,1
1329,0
1330,0
1331,0
1332,0
1333,1
1334,1
1335,0
1336,0
1337,0
1338,0
1339,0
1340,0
1341,0
1342,0
1343,0
1344,0
1345,0
1346,0
1347,0
1348,0
1349,0
1350,0
1351,0
1352,1
1353,1
1354,0
1355,0
1356,0
1357,0
1358,0
1359,0
1360,0
1361,0
1362,0
1363,0
1364,0
1365,0
1366,0
1367,0
1368,0
1369,0
1370,0
1371,0
1372,0
1373,0
1374,0
1375,0
1376,0
1377,0
1378,0
1379,0
1380,0
1381,1
1382,1
1383,0
1384,0
1385,0
1386,0
1387,0
1388,0
1389,0
1390,0
1391,1
1392,1
1393,0
1394,0
1395,0
1396,0
1397,0
1398,0
1399,0
1400,0
1401,0
1402,0
1403,0
1404,0
1405,0
1406,0
1407,0
1408,0
1409,0
1410,0
1411,0
1412,0
1413,0
1414,0
1415,0
1416,0
1417,0
1418,0
1419,0
1420,0
1421,0
1422,0
1423,0
1424,0
1425,0
1426,0
1427,0
1428,0
1429,0
1430,0
1431,0
1432,0
1433,0
1434,0
1435,0
1436,0
1437,0
1438,0
1439,0
1440,0
1441,0
1442,0
1443,0
1444,1
1445,0
1446,0
1447,0
1448,0
1449,0
1450,0
1451,1
1452,1
1453,1
1454,0
1455,0
1456,0
1457,0
1458,0
1459,0
1460,0
1461,0
1462,0
1463,0
1464,0
1465,0
1466,1
1467,1
1468,1
1469,0
1470,1
1471,1
1472,0
1473,0
1474,0
1475,0
1476,0
1477,0
1478,0
1479,0
1480,0
1481,0
1482,0
1483,0
1484,0
1485,0
1486,0
1487,0
1488,0
1489,0
1490,0
1491,0
1492,0
1493,1
1494,0
1495,0
1496,0
1497,0
1498,0
1499,0
1500,0
1501,0
1502,0
1503,0
1504,0
1505,0
1506,0
1507,0
1508,0
1509,0
1510,0
1511,0
1512,0
1513,0
1514,0
1515,0
1516,1
1517,1
1518,0
1519,0
1520,0
1521,1
1522,1
1523,0
1524,1
1525,0
1526,0
1527,0
1528,0
1529,1
1530,0
1531,0
1532,0
1533,0
1534,0
1535,1
1536,0
1537,1
1538,1
1539,0
1540,0
1541,0
1542,0
1543,0
1544,0
1545,0
1546,0
1547,0
1548,1
1549,0
1550,0
1551,0
1552,0
1553,0
1554,0
1555,0
1556,1
1557,0
1558,0
1559,1
1560,0
1561,0
1562,0
1563,0
1564,0
1565,1
1566,1
1567,0
1568,0
1569,0
1570,1
1571,1
1572,1
1573,0
1574,0
1575,0
1576,0
1577,0
1578,0
1579,1
1580,0
1581,0
1582,0
1583,1
1584,0
1585,0
1586,0
1587,1
1588,1
1589,0
1590,0
1591,0
1592,0
1593,0
1594,0
1595,0
1596,1
1597,1
1598,0
1599,0
1600,0
1601,1
1602,1
1603,1
1604,1
1605,0
1606,0
1607,1
1608,0
1609,0
1610,0
1611,0
1612,0
1613,1
1614,1
1615,0
1616,0
1617,1
1618,0
1619,0
1620,1
1621,1
1622,1
1623,1
1624,0
1625,0
1626,1
1627,1
1628,0
1629,1
1630,1
1631,1
1632,1
1633,0
1634,0
1635,0
1636,1
1637,0
1638,1
1639,1
1640,0
1641,0
1642,0
1643,0
1644,1
1645,1
1646,1
1647,0
1648,0
1649,0
1650,0
1651,1
1652,1
1653,0
1654,1
1655,0
1656,0
1657,0
1658,0
1659,0
1660,1
1661,1
1662,1
1663,1
1664,1
1665,0
1666,1
1667,1
1668,1
1669,1
1670,1
1671,0
1672,0
1673,1
1674,0
1675,0
1676,0
1677,0
1678,1
1679,1
1680,0
1681,0
1682,0
1683,0
1684,0
1685,0
1686,0
1687,0
1688,1
1689,1
1690,0
1691,1
1692,0
1693,0
1694,0
1695,0
1696,0
1697,0
1698,0
1699,0
1700,1
1701,0
1702,0
1703,0
1704,0
1705,0
1706,0
1707,0
1708,0
1709,0
1710,0
1711,0
1712,0
1713,0
1714,0
1715,0
1716,0
1717,0
1718,0
1719,0
1720,0
1721,0
1722,0
1723,0
1724,0
1725,0
1726,1
1727,0
1728,0
1729,0
1730,0
1731,0
1732,0
1733,0
1734,0
1735,0
1736,0
1737,0
1738,0
1739,0
1740,0
1741,0
1742,0
1743,0
1744,0
1745,0
1746,0
1747,0
1748,0
1749,0
1750,0
1751,0
1752,0
1753,0
1754,0
1755,0
1756,0
1757,0
1758,0
1759,0
1760,0
1761,0
1762,0
1763,0
1764,0
1765,0
1766,0
1767,0
1768,0
1769,0
1770,0
1771,0
1772,0
1773,0
1774,0
1775,0
1776,0
1777,0
1778,0
1779,0
1780,0
1781,0
1782,0
1783,0
1784,0
1785,0
1786,0
1787,0
1788,0
1789,0
1790,0
1791,0
1792,0
1793,0
1794,0
1795,0
1796,0
1797,0
1798,0
1799,0
1800,0
1801,0
1802,1
1803,0
1804,0
1805,0
1806,0
1807,0
1808,0
1809,0
1810,0
1811,0
1812,0
1813,0
1814,0
1815,0
1816,0
1817,0
1818,0
1819,0
1820,0
1821,0
1822,0
1823,0
1824,0
1825,0
1826,0
1827,0
1828,0
1829,0
1830,0
1831,0
1832,0
1833,0
1834,0
1835,0
1836,1
1837,0
1838,0
1839,0
1840,0
1841,0
1842,0
1843,1
1844,0
1845,0
1846,1
1847,1
1848,1
1849,1
1850,1
1851,0
1852,0
1853,0
1854,0
1855,0
1856,0
1857,0
1858,1
1859,0
1860,0
1861,0
1862,0
1863,0
1864,0
1865,0
1866,0
1867,0
1868,1
1869,1
1870,0
1871,0
1872,0
1873,1
1874,0
1875,0
1876,1
1877,0
1878,0
1879,0
1880,0
1881,0
1882,0
1883,0
1884,0
1885,0
1886,0
1887,0
1888,1
1889,1
1890,0
1891,0
1892,1
1893,0
1894,0
1895,0
1896,0
1897,0
1898,0
1899,0
1900,0
1901,1
1902,0
1903,1
1904,0
1905,1
1906,0
1907,0
1908,0
1909,0
1910,0
1911,1
1912,0
1913,1
1914,1
1915,1
1916,0
1917,0
1918,0
1919,0
1920,1
1921,1
1922,1
1923,1
1924,1
1925,1
1926,0
1927,0
1928,1
1929,1
1930,0
1931,1
1932,1
1933,0
1934,0
1935,0
1936,0
1937,1
1938,1
1939,1
1940,1
1941,0
1942,1
1943,0
1944,1
1945,0
1946,0
1947,1
1948,1
1949,1
1950,1
1951,1
1952,1
1953,1
1954,0
1955,0
1956,1
1957,1
1958,1
1959,1
1960,1
1961,1
1962,1
1963,0
1964,1
1965,1
1966,1
1967,0
1968,0
1969,0
1970,0
1971,0
1972,1
1973,0
1974,1
1975,1
1976,0
1977,0
1978,0
1979,0
1980,0
1981,0
1982,0
1983,0
1984,1
1985,1
1986,1
1987,1
1988,0
1989,0
1990,0
1991,0
1992,0
1993,0
1994,1
1995,1
1996,1
1997,0
1998,0
1999,0
2000,0
2001,0
2002,0
2003,0
2004,1
2005,1
2006,1
2007,1
2008,1
2009,1
2010,1
2011,1
2012,1
2013,1
2014,1
2015,1
2016,1
2017,0
2018,0
2019,1
2020,0
2021,1
2022,0
2023,1
2024,1
2025,1
2026,0
2027,0
2028,1
2029,1
2030,0
2031,1
2032,1
2033,0
2034,0
2035,0
2036,0
2037,0
2038,1
2039,0
2040,1
2041,0
2042,1
2043,1
2044,0
2045,1
2046,0
2047,0
2048,0
2049,1
2050,1
2051,1
2052,1
2053,0
2054,0
2055,0
2056,1
2057,0
2058,0
2059,0
2060,0
2061,1
2062,0
2063,0
2064,0
2065,0
2066,0
2067,0
2068,0
2069,0
2070,0
2071,0
2072,0
2073,0
2074,0
2075,0
2076,0
2077,0
2078,0
2079,0
2080,0
2081,0
2082,0
2083,0
2084,0
2085,0
2086,0
2087,0
2088,0
2089,0
2090,0
2091,0
2092,0
2093,0
2094,0
2095,0
2096,0
2097,0
2098,0
2099,1
2100,0
2101,0
2102,0
2103,0
2104,0
2105,0
2106,0
2107,0
2108,0
2109,0
2110,0
2111,0
2112,0
2113,0
2114,0
2115,0
2116,0
2117,0
2118,0
2119,0
2120,0
2121,0
2122,0
2123,0
2124,0
2125,0
2126,0
2127,0
2128,0
2129,0
2130,0
2131,0
2132,0
2133,0
2134,0
2135,0
2136,0
2137,0
2138,0
2139,0
2140,0
2141,1
2142,0
2143,1
2144,0
2145,0
2146,0
2147,0
2148,0
2149,0
2150,0
2151,0
2152,0
2153,0
2154,0
2155,0
2156,0
2157,0
2158,0
2159,0
2160,0
2161,0
2162,0
2163,1
2164,1
2165,0
2166,0
2167,0
2168,0
2169,0
2170,0
2171,1
2172,1
2173,0
2174,0
2175,0
2176,0
2177,0
2178,0
2179,0
2180,0
2181,0
2182,0
2183,0
2184,0
2185,0
2186,0
2187,1
2188,0
2189,0
2190,0
2191,0
2192,0
2193,0
2194,0
2195,0
2196,0
2197,0
2198,0
2199,0
2200,1
2201,0
2202,0
2203,0
2204,0
2205,1
2206,1
2207,0
2208,0
2209,0
2210,0
2211,0
2212,0
2213,1
2214,0
2215,0
2216,0
2217,0
2218,0
2219,0
2220,0
2221,0
2222,0
2223,1
2224,1
2225,1
2226,1
2227,1
2228,0
2229,0
2230,0
2231,0
2232,0
2233,0
2234,0
2235,0
2236,0
2237,0
2238,0
2239,0
2240,0
2241,0
2242,0
2243,0
2244,0
2245,0
2246,0
2247,0
2248,0
2249,0
2250,0
2251,0
2252,0
2253,0
2254,0
2255,1
2256,0
2257,1
2258,1
2259,1
2260,1
2261,0
2262,1
2263,1
2264,0
2265,1
2266,0
2267,0
2268,0
2269,0
2270,0
2271,0
2272,0
2273,0
2274,0
2275,0
2276,1
2277,1
2278,0
2279,0
2280,0
2281,1
2282,1
2283,1
2284,0
2285,0
2286,0
2287,1
2288,1
2289,1
2290,1
2291,1
2292,1
2293,0
2294,1
2295,0
2296,0
2297,0
2298,1
2299,1
2300,1
2301,1
2302,1
2303,1
2304,0
2305,0
2306,0
2307,0
2308,0
2309,0
2310,0
2311,1
2312,1
2313,0
2314,0
2315,0
2316,0
2317,0
2318,1
2319,1
2320,1
2321,1
2322,1
2323,1
2324,1
2325,1
2326,1
2327,1
2328,1
2329,1
2330,1
2331,0
2332,0
2333,0
2334,1
2335,1
2336,1
2337,0
2338,0
2339,0
2340,0
2341,0
2342,0
2343,1
2344,0
2345,0
2346,1
2347,1
2348,1
2349,1
2350,0
2351,1
2352,1
2353,1
2354,1
2355,1
2356,0
2357,0
2358,0
2359,1
2360,1
2361,0
2362,0
2363,0
2364,0
2365,0
2366,0
2367,0
2368,1
2369,0
2370,0
2371,0
2372,0
2373,1
2374,1
2375,1
2376,1
2377,1
2378,0
2379,0
2380,0
2381,0
2382,0
2383,0
2384,1
2385,1
2386,1
2387,1
2388,1
2389,1
2390,0
2391,1
2392,1
2393,1
2394,0
2395,0
2396,0
2397,0
2398,0
2399,0
2400,0
2401,0
2402,0
2403,0
2404,0
2405,0
2406,0
2407,0
2408,0
2409,0
2410,0
2411,1
2412,0
2413,0
2414,0
2415,0
2416,0
2417,0
2418,0
2419,0
2420,0
2421,0
2422,1
2423,1
2424,1
2425,0
2426,0
2427,0
2428,0
2429,0
2430,0
2431,0
2432,1
2433,0
2434,0
2435,0
2436,0
2437,0
2438,0
2439,0
2440,0
2441,0
2442,0
2443,0
2444,0
2445,0
2446,0
2447,0
2448,0
2449,0
2450,0
2451,0
2452,0
2453,1
2454,0
2455,0
2456,1
2457,0
2458,0
2459,1
2460,1
2461,1
2462,0
2463,0
2464,1
2465,1
2466,1
2467,0
2468,0
2469,0
2470,0
2471,0
2472,0
2473,0
2474,0
2475,0
2476,0
2477,0
2478,0
2479,0
2480,1
2481,1
2482,1
2483,1
2484,0
2485,0
2486,0
2487,0
2488,0
2489,0
2490,0
2491,0
2492,0
2493,0
2494,0
2495,0
2496,0
2497,0
2498,0
2499,0
2500,1
2501,0
2502,0
2503,0
2504,0
2505,0
2506,0
2507,0
2508,0
2509,0
2510,0
2511,0
2512,0
2513,0
2514,1
2515,0
2516,0
2517,0
2518,0
2519,0
2520,0
2521,0
2522,0
2523,0
2524,0
2525,0
2526,0
2527,0
2528,0
2529,0
2530,0
2531,0
2532,0
2533,0
2534,0
2535,0
2536,0
2537,0
2538,0
2539,0
2540,0
2541,0
2542,0
2543,0
2544,0
2545,0
2546,0
2547,0
2548,0
2549,1
2550,0
2551,0
2552,0
2553,0
2554,0
2555,0
2556,0
2557,0
2558,0
2559,1
2560,1
2561,0
2562,0
2563,0
2564,0
2565,0
2566,0
2567,0
2568,0
2569,0
2570,0
2571,0
2572,0
2573,1
2574,0
2575,0
2576,0
2577,0
2578,0
2579,0
2580,1
2581,1
2582,0
2583,0
2584,0
2585,0
2586,1
2587,1
2588,1
2589,0
2590,1
2591,0
2592,0
2593,0
2594,1
2595,0
2596,0
2597,0
2598,0
2599,0
2600,0
2601,1
2602,0
2603,0
2604,0
2605,0
2606,0
2607,1
2608,1
2609,0
2610,0
2611,0
2612,0
2613,0
2614,0
2615,0
2616,0
2617,1
2618,1
2619,0
2620,0
2621,0
2622,0
2623,0
2624,0
2625,0
2626,0
2627,0
2628,0
2629,0
2630,0
2631,1
2632,1
2633,1
2634,1
2635,1
2636,0
2637,0
2638,0
2639,0
2640,1
2641,1
2642,0
2643,0
2644,1
2645,1
2646,1
2647,0
2648,0
2649,0
2650,1
2651,1
2652,1
2653,1
2654,1
2655,0
2656,1
2657,1
2658,1
2659,1
2660,0
2661,0
2662,0
2663,0
2664,0
2665,1
2666,0
2667,0
2668,0
2669,1
2670,1
2671,1
2672,1
2673,1
2674,1
2675,1
2676,0
2677,1
2678,1
2679,1
2680,0
2681,0
2682,1
2683,0
2684,0
2685,0
2686,0
2687,0
2688,0
2689,0
2690,1
2691,1
2692,1
2693,0
2694,0
2695,0
2696,0
2697,0
2698,0
2699,0
2700,0
2701,0
2702,0
2703,0
2704,0
2705,0
2706,0
2707,0
2708,1
2709,1
2710,1
2711,1
2712,1
2713,1
2714,1
2715,1
2716,0
2717,1
2718,1
2719,1
2720,1
2721,1
2722,0
2723,0
2724,0
2725,1
2726,0
2727,1
2728,1
2729,0
2730,1
2731,1
2732,1
2733,0
2734,0
2735,1
2736,0
2737,1
2738,1
2739,0
2740,0
2741,0
2742,0
2743,0
2744,1
2745,0
2746,0
2747,0
2748,0
2749,1
2750,0
2751,0
2752,0
2753,0
2754,1
2755,0
2756,1
2757,1
2758,1
2759,0
2760,0
2761,0
2762,0
2763,0
2764,1
2765,1
2766,0
2767,0
2768,0
2769,0
2770,0
2771,0
2772,1
2773,0
2774,0
2775,1
2776,0
2777,0
2778,0
2779,0
2780,0
2781,0
2782,0
2783,0
2784,0
2785,0
2786,0
2787,0
2788,0
2789,0
2790,0
2791,0
2792,1
2793,1
2794,1
2795,0
2796,0
2797,0
2798,0
2799,0
2800,0
2801,0
2802,0
2803,0
2804,0
2805,0
2806,0
2807,0
2808,0
2809,0
2810,0
2811,0
2812,0
2813,0
2814,0
2815,0
2816,0
2817,0
2818,0
2819,0
2820,0
2821,0
2822,0
2823,0
2824,0
2825,0
2826,0
2827,0
2828,0
2829,0
2830,0
2831,0
2832,0
2833,0
2834,0
2835,0
2836,0
2837,0
2838,0
2839,0
2840,0
2841,0
2842,0
2843,0
2844,0
2845,1
2846,1
2847,0
2848,0
2849,0
2850,0
2851,0
2852,0
2853,0
2854,0
2855,0
2856,0
2857,0
2858,0
2859,0
2860,0
2861,0
2862,0
2863,0
2864,0
2865,0
2866,0
2867,0
2868,0
2869,0
2870,0
2871,0
2872,0
2873,0
2874,0
2875,0
2876,0
2877,1
2878,0
2879,0
2880,0
2881,0
2882,1
2883,0
2884,1
2885,0
2886,0
2887,1
2888,0
2889,0
2890,0
2891,0
2892,0
2893,0
2894,0
2895,0
2896,0
2897,0
2898,0
2899,0
2900,0
2901,0
2902,0
2903,0
2904,1
2905,1
2906,0
2907,0
2908,0
2909,0
2910,0
2911,0
2912,0
2913,0
2914,0
2915,0
2916,0
2917,0
2918,0
2919,0
2920,0
2921,0
2922,0
2923,0
2924,0
2925,0
2926,0
2927,0
2928,0
2929,0
2930,0
2931,0
2932,1
2933,0
2934,0
2935,0
2936,1
2937,0
2938,1
2939,0
2940,0
2941,1
2942,0
2943,1
2944,0
2945,0
2946,0
2947,0
2948,0
2949,0
2950,0
2951,0
2952,0
2953,1
2954,0
2955,0
2956,0
2957,0
2958,0
2959,1
2960,0
2961,0
2962,0
2963,0
2964,0
2965,0
2966,0
2967,0
2968,1
2969,0
2970,0
2971,1
2972,1
2973,0
2974,1
2975,1
2976,0
2977,0
2978,0
2979,1
2980,0
2981,0
2982,0
2983,0
2984,0
2985,0
2986,0
2987,0
2988,1
2989,1
2990,0
2991,1
2992,0
2993,0
2994,0
2995,1
2996,0
2997,1
2998,1
2999,1
3000,1
3001,1
3002,1
3003,1
3004,0
3005,1
3006,1
3007,0
3008,0
3009,1
3010,1
3011,1
3012,1
3013,1
3014,1
3015,1
3016,1
3017,1
3018,1
3019,0
3020,0
3021,0
3022,0
3023,0
3024,1
3025,1
3026,1
3027,1
3028,1
3029,1
3030,0
3031,0
3032,0
3033,1
3034,1
3035,1
3036,1
3037,1
3038,1
3039,1
3040,1
3041,1
3042,1
3043,1
3044,0
3045,0
3046,0
3047,1
3048,0
3049,0
3050,0
3051,0
3052,0
3053,0
3054,0
3055,0
3056,0
3057,0
3058,0
3059,0
3060,0
3061,0
3062,0
3063,0
3064,1
3065,1
3066,1
3067,1
3068,0
3069,0
3070,1
3071,0
3072,0
3073,0
3074,0
3075,0
3076,0
3077,0
3078,0
3079,0
3080,0
3081,1
3082,1
3083,0
3084,0
3085,0
3086,0
3087,0
3088,0
3089,0
3090,0
3091,1
3092,1
3093,0
3094,1
3095,1
3096,1
3097,0
3098,0
3099,0
3100,0
3101,0
3102,0
3103,0
3104,0
3105,0
3106,0
3107,1
3108,1
3109,0
3110,0
3111,0
3112,1
3113,1
3114,0
3115,0
3116,0
3117,1
3118,0
3119,0
3120,1
3121,1
3122,1
3123,1
3124,0
3125,0
3126,0
3127,0
3128,0
3129,0
3130,0
3131,0
3132,0
3133,0
3134,0
3135,0
3136,0
3137,1
3138,0
3139,0
3140,0
3141,0
3142,0
3143,0
3144,0
3145,0
3146,0
3147,0
3148,0
3149,0
3150,1
3151,1
3152,0
3153,0
3154,0
3155,0
3156,0
3157,0
3158,0
3159,0
3160,0
3161,0
3162,0
3163,0
3164,0
3165,0
3166,0
3167,0
3168,0
3169,0
3170,0
3171,0
3172,0
3173,0
3174,0
3175,0
3176,0
3177,0
3178,0
3179,0
3180,0
3181,0
3182,0
3183,0
3184,0
3185,0
3186,0
3187,0
3188,0
3189,0
3190,0
3191,0
3192,0
3193,0
3194,0
3195,0
3196,0
3197,0
3198,0
3199,0
3200,0
3201,0
3202,0
3203,0
3204,0
3205,0
3206,1
3207,1
3208,0
3209,0
3210,0
3211,0
3212,0
3213,0
3214,0
3215,0
3216,0
3217,0
3218,0
3219,0
3220,0
3221,0
3222,0
3223,0
3224,0
3225,0
3226,0
3227,0
3228,0
3229,0
3230,0
3231,0
3232,0
3233,0
3234,0
3235,0
3236,0
3237,0
3238,0
3239,0
3240,0
3241,0
3242,0
3243,0
3244,0
3245,0
3246,0
3247,0
3248,0
3249,0
3250,0
3251,0
3252,0
3253,0
3254,0
3255,0
3256,0
3257,0
3258,0
3259,0
3260,0
3261,0
3262,0
3263,0
3264,0
3265,0
3266,0
3267,0
3268,0
3269,1
3270,1
3271,0
3272,0
3273,0
3274,0
3275,0
3276,0
3277,0
3278,0
3279,0
3280,0
3281,0
3282,0
3283,0
3284,0
3285,0
3286,0
3287,0
3288,1
3289,1
3290,0
3291,1
3292,0
3293,1
3294,0
3295,0
3296,0
3297,0
3298,0
3299,0
3300,1
3301,0
3302,0
3303,0
3304,0
3305,0
3306,0
3307,1
3308,0
3309,1
3310,1
3311,0
3312,1
3313,1
3314,0
3315,1
3316,0
3317,0
3318,0
3319,1
3320,1
3321,0
3322,0
3323,0
3324,0
3325,0
3326,0
3327,0
3328,0
3329,0
3330,0
3331,0
3332,0
3333,0
3334,0
3335,0
3336,0
3337,0
3338,0
3339,0
3340,0
3341,0
3342,0
3343,0
3344,1
3345,1
3346,1
3347,1
3348,1
3349,1
3350,1
3351,1
3352,1
3353,1
3354,0
3355,0
3356,0
3357,1
3358,1
3359,0
3360,0
3361,0
3362,1
3363,1
3364,0
3365,1
3366,1
3367,0
3368,1
3369,1
3370,1
3371,0
3372,0
3373,1
3374,0
3375,0
3376,1
3377,1
3378,1
3379,1
3380,1
3381,1
3382,1
3383,0
3384,0
3385,0
3386,0
3387,1
3388,1
3389,1
3390,1
3391,0
3392,0
3393,0
3394,1
3395,0
3396,0
3397,0
3398,1
3399,0
3400,0
3401,1
3402,1
3403,1
3404,0
3405,0
3406,1
3407,1
3408,1
3409,1
3410,1
3411,1
3412,1
3413,1
3414,0
3415,0
3416,1
3417,1
3418,1
3419,1
3420,0
3421,0
3422,0
3423,1
3424,1
3425,1
3426,1
3427,1
3428,0
3429,0
3430,1
3431,1
3432,0
3433,0
3434,0
3435,0
3436,0
3437,0
3438,0
3439,0
3440,0
3441,0
3442,0
3443,1
3444,0
3445,0
3446,0
3447,0
3448,0
3449,0
3450,0
3451,0
3452,1
3453,0
3454,1
3455,1
3456,1
3457,1
3458,1
3459,1
3460,0
3461,0
3462,0
3463,0
3464,1
3465,1
3466,0
3467,0
3468,0
3469,0
3470,0
3471,1
3472,1
3473,0
3474,0
3475,0
3476,0
3477,0
3478,0
3479,1
3480,0
3481,0
3482,0
3483,1
3484,1
3485,0
3486,1
3487,0
3488,0
3489,0
3490,0
3491,1
3492,0
3493,0
3494,0
3495,0
3496,0
3497,0
3498,0
3499,0
3500,0
3501,0
3502,0
3503,0
3504,0
3505,0
3506,0
3507,0
3508,0
3509,0
3510,0
3511,0
3512,0
3513,0
3514,1
3515,0
3516,0
3517,1
3518,1
3519,0
3520,0
3521,0
3522,0
3523,0
3524,0
3525,0
3526,0
3527,0
3528,0
3529,0
3530,0
3531,0
3532,0
3533,0
3534,0
3535,0
3536,0
3537,0
3538,1
3539,1
3540,0
3541,0
3542,0
3543,0
3544,0
3545,0
3546,1
3547,1
3548,0
3549,0
3550,0
3551,0
3552,0
3553,0
3554,0
3555,0
3556,0
3557,0
3558,1
3559,1
3560,1
3561,1
3562,0
3563,1
3564,1
3565,0
3566,0
3567,1
3568,0
3569,0
3570,0
3571,0
3572,1
3573,0
3574,0
3575,0
3576,0
3577,0
3578,0
3579,0
3580,0
3581,0
3582,0
3583,0
3584,0
3585,0
3586,0
3587,0
3588,0
3589,0
3590,0
3591,0
3592,0
3593,0
3594,0
3595,0
3596,0
3597,0
3598,0
3599,1
3600,1
3601,0
3602,0
3603,0
3604,0
3605,1
3606,1
3607,0
3608,0
3609,0
3610,0
3611,1
3612,0
3613,0
3614,0
3615,0
3616,0
3617,0
3618,0
3619,0
3620,0
3621,0
3622,0
3623,0
3624,0
3625,0
3626,0
3627,1
3628,0
3629,1
3630,0
3631,0
3632,0
3633,0
3634,0
3635,0
3636,0
3637,0
3638,0
3639,0
3640,0
3641,0
3642,0
3643,0
3644,0
3645,1
3646,0
3647,0
3648,0
3649,0
3650,0
3651,0
3652,0
3653,1
3654,0
3655,0
3656,0
3657,0
3658,1
3659,1
3660,0
3661,1
3662,0
3663,0
3664,0
3665,0
3666,1
3667,0
3668,1
3669,1
3670,0
3671,1
3672,0
3673,1
3674,0
3675,0
3676,0
3677,0
3678,0
3679,0
3680,1
3681,0
3682,0
3683,0
3684,0
3685,0
3686,0
3687,0
3688,1
3689,0
3690,1
3691,1
3692,0
3693,0
3694,0
3695,0
3696,1
3697,0
3698,0
3699,0
3700,1
3701,1
3702,0
3703,0
3704,1
3705,0
3706,0
3707,0
3708,0
3709,0
3710,1
3711,1
3712,0
3713,1
3714,1
3715,0
3716,0
3717,1
3718,0
3719,0
3720,0
3721,1
3722,1
3723,0
3724,0
3725,1
3726,1
3727,0
3728,1
3729,0
3730,0
3731,0
3732,1
3733,1
3734,1
3735,1
3736,1
3737,1
3738,1
3739,1
3740,1
3741,0
3742,0
3743,0
3744,0
3745,0
3746,0
3747,0
3748,0
3749,0
3750,0
3751,1
3752,1
3753,1
3754,0
3755,0
3756,0
3757,1
3758,1
3759,1
3760,1
3761,0
3762,0
3763,1
3764,1
3765,1
3766,1
3767,0
3768,0
3769,1
3770,1
3771,1
3772,1
3773,0
3774,0
3775,1
3776,0
3777,0
3778,1
3779,1
3780,1
3781,1
3782,0
3783,0
3784,1
3785,1
3786,1
3787,1
3788,1
3789,1
3790,1
3791,0
3792,1
3793,1
3794,0
3795,1
3796,1
3797,1
3798,1
3799,0
3800,0
3801,1
3802,0
3803,0
3804,0
3805,0
3806,1
3807,1
3808,1
3809,1
3810,0
3811,0
3812,1
3813,1
3814,1
3815,1
3816,1
3817,0
3818,1
3819,1
3820,0
3821,0
3822,0
3823,0
3824,1
3825,1
3826,0
3827,0
3828,0
3829,0
3830,0
3831,0
3832,0
3833,0
3834,1
3835,0
3836,0
3837,0
3838,0
3839,1
3840,0
3841,0
3842,0
3843,1
3844,1
3845,1
3846,0
3847,0
3848,0
3849,1
3850,0
3851,0
3852,0
3853,0
3854,0
3855,0
3856,0
3857,0
3858,0
3859,0
3860,0
3861,0
3862,0
3863,0
3864,0
3865,0
3866,0
3867,0
3868,0
3869,1
3870,1
3871,1
3872,0
3873,0
3874,0
3875,0
3876,0
3877,0
3878,0
3879,0
3880,0
3881,0
3882,0
3883,0
3884,0
3885,0
3886,0
3887,0
3888,0
3889,0
3890,0
3891,0
3892,0
3893,0
3894,0
3895,0
3896,0
3897,0
3898,0
3899,0
3900,0
3901,0
3902,0
3903,0
3904,0
3905,0
3906,0
3907,0
3908,0
3909,0
3910,1
3911,1
3912,0
3913,0
3914,0
3915,0
3916,0
3917,0
3918,0
3919,0
3920,0
3921,0
3922,0
3923,0
3924,0
3925,0
3926,0
3927,0
3928,0
3929,0
3930,1
3931,0
3932,0
3933,0
3934,0
3935,0
3936,0
3937,0
3938,1
3939,0
3940,0
3941,0
3942,0
3943,0
3944,0
3945,0
3946,0
3947,0
3948,0
3949,0
3950,0
3951,0
3952,0
3953,0
3954,0
3955,0
3956,0
3957,0
3958,0
3959,0
3960,0
3961,0
3962,0
3963,0
3964,0
3965,0
3966,0
3967,0
3968,0
3969,0
3970,1
3971,0
3972,1
3973,0
3974,0
3975,0
3976,1
3977,0
3978,0
3979,0
3980,0
3981,0
3982,0
3983,0
3984,0
3985,0
3986,0
3987,0
3988,0
3989,0
3990,0
3991,0
3992,0
3993,1
3994,1
3995,0
3996,0
3997,0
3998,0
3999,0
4000,0
4001,0
4002,0
4003,1
4004,1
4005,0
4006,0
4007,0
4008,0
4009,0
4010,0
4011,0
4012,0
4013,0
4014,0
4015,0
4016,0
4017,0
4018,0
4019,0
4020,0
4021,0
4022,0
4023,0
4024,0
4025,0
4026,0
4027,0
4028,0
4029,0
4030,0
4031,0
4032,0
4033,1
4034,0
4035,0
4036,0
4037,0
4038,0
4039,1
4040,0
4041,0
4042,0
4043,0
4044,0
4045,1
4046,0
4047,0
4048,0
4049,0
4050,0
4051,0
4052,0
4053,0
4054,0
4055,0
4056,0
4057,0
4058,0
4059,1
4060,1
4061,1
4062,1
4063,0
4064,0
4065,0
4066,0
4067,1
4068,1
4069,1
4070,1
4071,0
4072,0
4073,0
4074,0
4075,0
4076,0
4077,0
4078,0
4079,0
4080,0
4081,0
4082,0
4083,0
4084,0
4085,0
4086,1
4087,0
4088,1
4089,1
4090,1
4091,1
4092,1
4093,1
4094,1
4095,1
4096,0
4097,0
4098,1
4099,1
4100,0
4101,0
4102,0
4103,0
4104,0
4105,1
4106,1
4107,1
4108,1
4109,0
4110,0
4111,0
4112,0
4113,0
4114,0
4115,0
4116,0
4117,0
4118,1
4119,1
4120,1
4121,1
4122,1
4123,1
4124,0
4125,1
4126,1
4127,1
4128,0
4129,1
4130,0
4131,0
4132,0
4133,0
4134,0
4135,0
4136,1
4137,0
4138,0
4139,0
4140,0
4141,0
4142,0
4143,0
4144,0
4145,0
4146,1
4147,1
4148,1
4149,1
4150,0
4151,0
4152,0
4153,0
4154,1
4155,1
4156,0
4157,0
4158,1
4159,0
4160,1
4161,0
4162,1
4163,1
4164,0
4165,1
4166,0
4167,0
4168,0
4169,0
4170,0
4171,0
4172,1
4173,1
4174,0
4175,0
4176,0
4177,0
4178,0
4179,1
4180,1
4181,0
4182,1
4183,1
4184,1
4185,0
4186,0
4187,0
4188,1
4189,0
4190,0
4191,0
4192,0
4193,0
4194,1
4195,0
4196,0
4197,1
4198,1
4199,1
4200,1
4201,1
4202,1
4203,0
4204,0
4205,0
4206,0
4207,0
4208,0
4209,1
4210,1
4211,1
4212,1
4213,1
4214,0
4215,0
4216,0
4217,0
4218,0
4219,0
4220,0
4221,0
4222,0
4223,0
4224,0
4225,0
4226,1
4227,0
4228,0
4229,0
4230,0
4231,0
4232,0
4233,0
4234,0
4235,0
4236,0
4237,0
4238,1
4239,1
4240,0
4241,0
4242,0
4243,0
4244,0
4245,0
4246,0
4247,1
4248,1
4249,1
4250,0
4251,0
4252,0
4253,0
4254,0
4255,0
4256,0
4257,0
4258,0
4259,0
4260,0
4261,0
4262,0
4263,0
4264,0
4265,1
4266,1
4267,0
4268,0
4269,0
4270,0
4271,0
4272,0
4273,0
4274,0
4275,0
4276,0
4277,0
4278,0
4279,0
4280,0
4281,0
4282,0
4283,0
4284,0
4285,0
4286,0
4287,0
4288,0
4289,0
4290,0
4291,0
4292,0
4293,0
4294,0
4295,0
4296,0
4297,0
4298,0
4299,0
4300,0
4301,0
4302,0
4303,0
4304,1
4305,0
4306,1
4307,1
4308,0
4309,0
4310,0
4311,0
4312,0
4313,0
4314,1
4315,1
4316,1
4317,0
4318,0
4319,0
4320,0
4321,0
4322,0
4323,0
4324,0
4325,0
4326,0
4327,0
4328,1
4329,0
4330,0
4331,0
4332,0
4333,0
4334,0
4335,0
4336,0
4337,0
4338,0
4339,0
4340,0
4341,0
4342,1
4343,1
4344,1
4345,0
4346,0
4347,0
4348,0
4349,1
4350,0
4351,0
4352,0
4353,0
4354,0
4355,0
4356,0
4357,1
4358,0
4359,0
4360,1
4361,1
4362,1
4363,0
4364,0
4365,0
4366,0
4367,0
4368,0
4369,0
4370,0
4371,0
4372,0
4373,0
4374,0
4375,0
4376,0
4377,0
4378,0
4379,0
4380,0
4381,0
4382,0
4383,0
4384,1
4385,1
4386,0
4387,0
4388,1
4389,0
4390,0
4391,0
4392,0
4393,0
4394,0
4395,1
4396,1
4397,0
4398,1
4399,1
4400,0
4401,0
4402,0
4403,0
4404,1
4405,0
4406,1
4407,1
4408,1
4409,0
4410,0
4411,0
4412,1
4413,1
4414,0
4415,0
4416,0
4417,0
4418,1
4419,1
4420,0
4421,1
4422,1
4423,1
4424,1
4425,1
4426,1
4427,1
4428,1
4429,0
4430,0
4431,0
4432,0
4433,0
4434,1
4435,1
4436,1
4437,0
4438,0
4439,0
4440,1
4441,0
4442,0
4443,0
4444,0
4445,0
4446,0
4447,1
4448,1
4449,0
4450,1
4451,1
4452,0
4453,0
4454,1
4455,1
4456,1
4457,1
4458,0
4459,1
4460,1
4461,0
4462,1
4463,0
4464,0
4465,0
4466,0
4467,1
4468,1
4469,0
4470,0
4471,0
4472,1
4473,0
4474,1
4475,0
4476,0
4477,0
4478,0
4479,1
4480,1
4481,1
4482,1
4483,1
4484,0
4485,1
4486,0
4487,1
4488,1
4489,0
4490,1
4491,1
4492,1
4493,1
4494,1
4495,0
4496,0
4497,0
4498,1
4499,0
4500,0
4501,0
4502,0
4503,1
4504,1
4505,0
4506,0
4507,0
4508,1
4509,1
4510,1
4511,1
4512,1
4513,0
4514,1
4515,0
4516,0
4517,0
4518,0
4519,0
4520,1
4521,0
4522,0
4523,0
4524,0
4525,0
4526,0
4527,1
4528,0
4529,1
4530,1
4531,0
4532,1
4533,0
4534,1
4535,1
4536,1
4537,0
4538,0
4539,0
4540,0
4541,0
4542,0
4543,0
4544,0
4545,0
4546,0
4547,0
4548,1
4549,1
4550,1
4551,0
4552,1
4553,1
4554,0
4555,0
4556,0
4557,0
4558,0
4559,0
4560,0
4561,0
4562,0
4563,0
4564,0
4565,0
4566,0
4567,0
4568,0
4569,0
4570,0
4571,0
4572,0
4573,0
4574,0
4575,0
4576,0
4577,0
4578,0
4579,0
4580,0
4581,0
4582,0
4583,0
4584,0
4585,0
4586,0
4587,1
4588,0
4589,0
4590,0
4591,0
4592,0
4593,0
4594,0
4595,1
4596,0
4597,0
4598,0
4599,0
4600,0
4601,0
4602,0
4603,0
4604,1
4605,0
4606,0
4607,0
4608,1
4609,0
4610,1
4611,0
4612,1
4613,0
4614,1
4615,1
4616,1
4617,0
4618,1
4619,1
4620,1
4621,1
4622,0
4623,0
4624,0
4625,0
4626,0
4627,0
4628,0
4629,0
4630,0
4631,0
4632,0
4633,0
4634,1
4635,1
4636,0
4637,0
4638,0
4639,0
4640,0
4641,0
4642,0
4643,0
4644,0
4645,1
4646,0
4647,0
4648,0
4649,0
4650,0
4651,0
4652,0
4653,0
4654,0
4655,0
4656,0
4657,0
4658,0
4659,0
4660,0
4661,0
4662,0
4663,0
4664,0
4665,0
4666,0
4667,0
4668,0
4669,0
4670,0
4671,0
4672,1
4673,0
4674,0
4675,0
4676,0
4677,0
4678,0
4679,0
4680,0
4681,0
4682,0
4683,0
4684,0
4685,0
4686,0
4687,0
4688,0
4689,0
4690,0
4691,0
4692,0
4693,0
4694,0
4695,0
4696,0
4697,0
4698,0
4699,0
4700,0
4701,0
4702,0
4703,0
4704,0
4705,0
4706,0
4707,0
4708,0
4709,0
4710,0
4711,0
4712,0
4713,0
4714,0
4715,0
4716,0
4717,0
4718,0
4719,0
4720,0
4721,0
4722,0
4723,0
4724,1
4725,0
4726,0
4727,0
4728,0
4729,1
4730,0
4731,1
4732,1
4733,1
4734,1
4735,1
4736,0
4737,0
4738,1
4739,1
4740,0
4741,1
4742,1
4743,0
4744,0
4745,1
4746,1
4747,1
4748,1
4749,0
4750,0
4751,0
4752,0
4753,1
4754,1
4755,1
4756,1
4757,0
4758,0
4759,0
4760,0
4761,1
4762,1
4763,0
4764,0
4765,0
4766,1
4767,1
4768,0
4769,1
4770,0
4771,0
4772,0
4773,0
4774,1
4775,1
4776,1
4777,0
4778,1
4779,0
4780,0
4781,0
4782,1
4783,1
4784,1
4785,0
4786,1
4787,1
4788,1
4789,0
4790,0
4791,1
4792,1
4793,0
4794,0
4795,0
4796,0
4797,0
4798,0
4799,0
4800,0
4801,1
4802,1
4803,1
4804,0
4805,1
4806,1
4807,1
4808,1
4809,1
4810,1
4811,1
4812,1
4813,1
4814,1
4815,0
4816,0
4817,0
4818,0
4819,1
4820,1
4821,1
4822,0
4823,0
4824,1
4825,0
4826,0
4827,0
4828,1
4829,0
4830,0
4831,0
4832,0
4833,1
4834,1
4835,0
4836,0
4837,1
4838,0
4839,0
4840,0
4841,1
4842,1
4843,1
4844,1
4845,0
4846,1
4847,1
4848,0
4849,1
4850,1
4851,1
4852,1
4853,1
4854,1
4855,1
4856,0
4857,0
4858,0
4859,1
4860,1
4861,1
4862,0
4863,0
4864,0
4865,0
4866,1
4867,0
4868,0
4869,0
4870,0
4871,1
4872,1
4873,0
4874,1
4875,1
4876,1
4877,1
4878,0
4879,0
4880,1
4881,1
4882,1
4883,1
4884,0
4885,0
4886,0
4887,0
4888,1
4889,1
4890,0
4891,1
4892,1
4893,1
4894,1
4895,0
4896,0
4897,0
4898,0
4899,0
4900,0
4901,0
4902,0
4903,0
4904,1
4905,0
4906,0
4907,0
4908,0
4909,0
4910,0
4911,1
4912,1
4913,1
4914,0
4915,0
4916,0
4917,1
4918,1
4919,1
4920,0
4921,0
4922,0
4923,0
4924,0
4925,0
4926,0
4927,0
4928,0
4929,1
4930,0
4931,0
4932,0
4933,0
4934,0
4935,0
4936,0
4937,0
4938,0
4939,0
4940,0
4941,0
4942,0
4943,0
4944,0
4945,0
4946,0
4947,0
4948,0
4949,0
4950,0
4951,0
4952,0
4953,0
4954,1
4955,1
4956,0
4957,0
4958,0
4959,0
4960,1
4961,0
4962,1
4963,1
4964,0
4965,0
4966,0
4967,0
4968,0
4969,0
4970,0
4971,0
4972,0
4973,0
4974,1
4975,0
4976,0
4977,0
4978,1
4979,0
4980,0
4981,0
4982,0
4983,0
4984,0
4985,0
4986,0
4987,0
4988,0
4989,0
4990,0
4991,0
4992,0
4993,0
4994,1
4995,1
4996,1
4997,1
4998,0
4999,0
5000,0
5001,0
5002,0
5003,0
5004,0
5005,0
5006,0
5007,0
5008,0
5009,0
5010,0
5011,0
5012,0
5013,0
5014,0
5015,0
5016,0
5017,0
5018,0
5019,0
5020,0
5021,0
5022,0
5023,0
5024,0
5025,0
5026,0
5027,0
5028,0
5029,0
5030,0
5031,0
5032,0
5033,0
5034,0
5035,0
5036,0
5037,0
5038,0
5039,0
5040,0
5041,0
5042,0
5043,0
5044,0
5045,0
5046,0
5047,0
5048,0
5049,0
5050,0
5051,1
5052,0
5053,0
5054,0
5055,1
5056,0
5057,0
5058,0
5059,0
5060,0
5061,1
5062,0
5063,0
5064,0
5065,0
5066,0
5067,0
5068,0
5069,0
5070,0
5071,0
5072,0
5073,0
5074,0
5075,0
5076,0
5077,0
5078,0
5079,0
5080,0
5081,0
5082,0
5083,0
5084,0
5085,0
5086,0
5087,0
5088,0
5089,0
5090,0
5091,0
5092,0
5093,0
5094,0
5095,0
5096,0
5097,0
5098,0
5099,1
5100,1
5101,1
5102,1
5103,1
5104,1
5105,0
5106,0
5107,1
5108,0
5109,1
5110,0
5111,0
5112,0
5113,0
5114,0
5115,0
5116,0
5117,0
5118,0
5119,0
5120,0
5121,0
5122,0
5123,0
5124,1
5125,1
5126,1
5127,1
5128,0
5129,0
5130,0
5131,0
5132,1
5133,0
5134,0
5135,1
5136,1
5137,0
5138,1
5139,1
5140,1
5141,1
5142,1
5143,1
5144,1
5145,1
5146,1
5147,1
5148,1
5149,1
5150,0
5151,1
5152,1
5153,0
5154,1
5155,0
5156,1
5157,0
5158,0
5159,0
5160,0
5161,1
5162,0
5163,1
5164,0
5165,0
5166,0
5167,0
5168,1
5169,1
5170,1
5171,0
5172,0
5173,0
5174,0
5175,0
5176,0
5177,1
5178,1
5179,1
5180,1
5181,1
5182,1
5183,1
5184,1
5185,1
5186,1
5187,1
5188,0
5189,0
5190,0
5191,1
5192,0
5193,1
5194,0
5195,0
5196,0
5197,1
5198,1
5199,1
5200,0
5201,0
5202,1
5203,1
5204,1
5205,1
5206,1
5207,0
5208,0
5209,1
5210,1
5211,1
5212,1
5213,0
5214,1
5215,0
5216,1
5217,1
5218,1
5219,1
5220,0
5221,0
5222,0
5223,0
5224,1
5225,1
5226,1
5227,1
5228,1
5229,1
5230,1
5231,0
5232,0
5233,1
5234,0
5235,1
5236,1
5237,0
5238,0
5239,0
5240,0
5241,0
5242,1
5243,1
5244,0
5245,0
5246,0
5247,0
5248,0
5249,0
5250,0
5251,0
5252,0
5253,0
5254,1
5255,1
5256,0
5257,0
5258,1
5259,0
5260,0
5261,0
5262,1
5263,0
5264,0
5265,0
5266,1
5267,1
5268,0
5269,1
5270,1
5271,1
5272,0
5273,0
5274,0
5275,0
5276,0
5277,0
5278,0
5279,0
5280,0
5281,0
5282,0
5283,0
5284,1
5285,1
5286,0
5287,1
5288,1
5289,0
5290,0
5291,0
5292,0
5293,0
5294,0
5295,0
5296,0
5297,0
5298,0
5299,0
5300,0
5301,0
5302,0
5303,0
5304,0
5305,0
5306,1
5307,0
5308,0
5309,0
5310,0
5311,0
5312,0
5313,0
5314,0
5315,0
5316,0
5317,0
5318,0
5319,0
5320,0
5321,0
5322,1
5323,1
5324,0
5325,0
5326,0
5327,0
5328,0
5329,0
5330,0
5331,0
5332,0
5333,0
5334,0
5335,0
5336,0
5337,0
5338,0
5339,0
5340,0
5341,0
5342,0
5343,0
5344,0
5345,0
5346,1
5347,1
5348,1
5349,1
5350,0
5351,0
5352,0
5353,0
5354,0
5355,1
5356,0
5357,0
5358,0
5359,0
5360,0
5361,0
5362,0
5363,0
5364,1
5365,0
5366,0
5367,0
5368,0
5369,0
5370,1
5371,1
5372,0
5373,1
5374,0
5375,0
5376,0
5377,0
5378,0
5379,0
5380,0
5381,0
5382,0
5383,0
5384,0
5385,0
5386,0
5387,0
5388,1
5389,1
5390,0
5391,0
5392,0
5393,0
5394,0
5395,0
5396,0
5397,0
5398,0
5399,0
5400,0
5401,0
5402,0
5403,0
5404,0
5405,0
5406,0
5407,0
5408,0
5409,0
5410,0
5411,0
5412,0
5413,0
5414,0
5415,0
5416,0
5417,0
5418,0
5419,0
5420,0
5421,0
5422,1
5423,0
5424,0
5425,0
5426,0
5427,0
5428,0
5429,1
5430,1
5431,0
5432,0
5433,0
5434,1
5435,0
5436,0
5437,0
5438,0
5439,0
5440,1
5441,0
5442,0
5443,0
5444,0
5445,0
5446,0
5447,1
5448,0
5449,0
5450,0
5451,0
5452,0
5453,0
5454,0
5455,0
5456,0
5457,0
5458,0
5459,0
5460,0
5461,1
5462,1
5463,0
5464,0
5465,0
5466,0
5467,0
5468,0
5469,0
5470,0
5471,0
5472,0
5473,0
5474,1
5475,1
5476,0
5477,1
5478,0
5479,0
5480,0
5481,0
5482,0
5483,0
5484,0
5485,0
5486,0
5487,0
5488,0
5489,0
5490,0
5491,0
5492,0
5493,0
5494,0
5495,0
5496,0
5497,0
5498,0
5499,0
5500,0
5501,1
5502,0
5503,0
5504,0
5505,1
5506,1
5507,1
5508,0
5509,0
5510,0
5511,0
5512,1
5513,1
5514,0
5515,1
5516,1
5517,1
5518,0
5519,1
5520,1
5521,1
5522,1
5523,0
5524,1
5525,0
5526,1
5527,1
5528,1
5529,1
5530,0
5531,0
5532,0
5533,0
5534,0
5535,1
5536,0
5537,1
5538,0
5539,1
5540,0
5541,1
5542,1
5543,0
5544,0
5545,0
5546,0
5547,0
5548,1
5549,1
5550,1
5551,1
5552,1
5553,1
5554,0
5555,1
5556,0
5557,0
5558,0
5559,0
5560,0
5561,0
5562,0
5563,0
5564,0
5565,0
5566,1
5567,1
5568,0
5569,0
5570,0
5571,0
5572,0
5573,0
5574,1
5575,0
5576,0
5577,1
5578,1
5579,1
5580,1
5581,1
5582,1
5583,1
5584,0
5585,0
5586,1
5587,0
5588,0
5589,0
5590,0
5591,0
5592,0
5593,0
5594,0
5595,0
5596,0
5597,1
5598,1
5599,1
5600,0
5601,1
5602,1
5603,1
5604,0
5605,0
5606,0
5607,0
5608,1
5609,0
5610,0
5611,1
5612,0
5613,0
5614,0
5615,0
5616,0
5617,0
5618,1
5619,0
5620,1
5621,1
5622,0
5623,0
5624,0
5625,0
5626,1
5627,0
5628,0
5629,0
5630,0
5631,0
5632,0
5633,0
5634,0
5635,1
5636,0
5637,0
5638,0
5639,0
5640,1
5641,1
5642,0
5643,0
5644,0
5645,1
5646,1
5647,0
5648,0
5649,0
5650,0
5651,1
5652,1
5653,1
5654,1
5655,1
5656,1
5657,0
5658,0
5659,0
5660,1
5661,0
5662,0
5663,0
5664,0
5665,0
5666,0
5667,0
5668,0
5669,0
5670,0
5671,0
5672,0
5673,0
5674,0
5675,0
5676,0
5677,0
5678,0
5679,0
5680,0
5681,0
5682,0
5683,0
5684,0
5685,0
5686,0
5687,0
5688,0
5689,0
5690,0
5691,1
5692,0
5693,1
5694,0
5695,1
5696,1
5697,0
5698,0
5699,0
5700,0
5701,0
5702,0
5703,0
5704,0
5705,0
5706,0
5707,0
5708,0
5709,0
5710,0
5711,0
5712,0
5713,0
5714,0
5715,1
5716,0
5717,0
5718,0
5719,1
5720,0
5721,0
5722,0
5723,0
5724,0
5725,0
5726,0
5727,0
5728,0
5729,0
5730,0
5731,0
5732,0
5733,0
5734,0
5735,0
5736,0
5737,0
5738,0
5739,0
5740,0
5741,0
5742,0
5743,0
5744,1
5745,0
5746,1
5747,0
5748,0
5749,0
5750,0
5751,1
5752,1
5753,0
5754,0
5755,1
5756,1
5757,1
5758,1
5759,0
5760,0
5761,1
5762,0
5763,1
5764,1
5765,1
5766,1
5767,1
5768,1
5769,1
5770,1
5771,1
5772,1
5773,1
5774,1
5775,1
5776,1
5777,1
5778,1
5779,1
5780,1
5781,1
5782,1
5783,1
5784,1
5785,1
5786,1
5787,1
5788,1
5789,1
5790,1
5791,1
5792,1
5793,1
5794,1
5795,1
5796,1
5797,1
5798,1
5799,1
5800,1
5801,1
5802,1
5803,1
5804,1
5805,1
5806,1
5807,1
5808,1
5809,1
5810,1
5811,1
5812,1
5813,1
5814,1
5815,1
5816,1
5817,1
5818,1
5819,1
5820,1
5821,1
5822,1
5823,1
5824,1
5825,1
5826,1
5827,1
5828,1
5829,1
5830,1
5831,1
5832,1
5833,1
5834,1
5835,1
5836,1
5837,1
5838,1
5839,1
5840,1
5841,1
5842,1
5843,1
5844,1
5845,1
5846,1
5847,1
5848,1
5849,1
5850,1
5851,1
5852,1
5853,1
5854,1
5855,1
5856,1
5857,1
5858,1
5859,1
5860,1
5861,1
5862,1
5863,1
5864,1
5865,1
5866,1
5867,1
5868,1
5869,1
5870,1
5871,1
5872,1
5873,1
5874,1
5875,1
5876,1
5877,1
5878,1
5879,1
5880,1
5881,1
5882,1
5883,1
5884,1
5885,1
5886,1
5887,1
5888,1
5889,1
5890,1
5891,1
5892,1
5893,1
5894,1
5895,1
5896,1
5897,1
5898,1
5899,1
5900,1
5901,1
5902,1
5903,1
5904,1
5905,1
5906,1
5907,1
5908,1
5909,1
5910,1
5911,1
5912,1
5913,1
5914,1
5915,1
5916,1
5917,1
5918,1
5919,1
5920,1
5921,1
5922,1
5923,1
5924,1
5925,1
5926,1
5927,1
5928,1
5929,1
5930,1
5931,1
5932,1
5933,1
5934,1
5935,1
5936,1
5937,1
5938,1
5939,1
5940,1
5941,1
5942,1
5943,1
5944,1
5945,1
5946,1
5947,1
5948,1
5949,1
5950,1
5951,1
5952,1
5953,1
5954,1
5955,1
5956,1
5957,1
5958,1
5959,1
5960,1
5961,1
5962,1
5963,1
5964,1
5965,1
5966,1
5967,1
5968,1
5969,1
5970,1
5971,1
5972,1
5973,1
5974,1
5975,1
5976,1
5977,1
5978,1
5979,1
5980,1
5981,1
5982,1
5983,1
5984,1
5985,1
5986,1
5987,1
5988,1
5989,1
5990,1
5991,1
5992,1
5993,1
5994,1
5995,1
5996,1
5997,1
5998,1
5999,1
6000,1
6001,1
6002,1
6003,1
6004,1
6005,1
6006,1
6007,1
6008,1
6009,1
6010,1
6011,1
6012,1
6013,1
6014,1
6015,1
6016,1
6017,1
6018,1
6019,1
6020,1
6021,1
6022,1
6023,1
6024,1
6025,1
6026,1
6027,1
6028,1
6029,1
6030,1
6031,1
6032,1
6033,1
6034,1
6035,1
6036,1
6037,1
6038,1
6039,1
6040,1
6041,1
6042,1
6043,1
6044,1
6045,1
6046,1
6047,1
6048,1
6049,1
6050,1
6051,1
6052,1
6053,1
6054,1
6055,1
6056,1
6057,1
6058,1
6059,1
6060,1
6061,1
6062,1
6063,1
6064,1
6065,1
6066,1
6067,1
6068,1
6069,1
6070,1
6071,1
6072,1
6073,1
6074,1
6075,1
6076,1
6077,1
6078,1
6079,1
6080,1
6081,1
6082,1
6083,1
6084,1
6085,1
6086,1
6087,1
6088,1
6089,1
6090,1
6091,1
6092,1
6093,1
6094,1
6095,1
6096,1
6097,1
6098,1
6099,1
6100,1
6101,1
6102,1
6103,1
6104,1
6105,1
6106,1
6107,1
6108,1
6109,1
6110,1
6111,1
6112,1
6113,1
6114,1
6115,1
6116,1
6117,1
6118,1
6119,1
6120,1
6121,1
6122,1
6123,1
6124,1
6125,1
6126,1
6127,1
6128,1
6129,1
6130,1
6131,1
6132,1
6133,1
6134,1
6135,1
6136,1
6137,1
6138,1
6139,1
6140,1
6141,1
6142,1
6143,1
6144,1
6145,1
6146,1
6147,1
6148,1
6149,1
6150,1
6151,1
6152,1
6153,1
6154,1
6155,1
6156,1
6157,1
6158,1
6159,1
6160,1
6161,1
6162,1
6163,1
6164,1
6165,1
6166,1
6167,1
6168,1
6169,1
6170,1
6171,1
6172,1
6173,1
6174,1
6175,1
6176,1
6177,1
6178,1
6179,1
6180,1
6181,1
6182,1
6183,1
6184,1
6185,1
6186,1
6187,1
6188,1
6189,1
6190,1
6191,1
6192,1
6193,1
6194,1
6195,1
6196,1
6197,1
6198,1
6199,1
6200,1
6201,1
6202,1
6203,1
6204,1
6205,1
6206,1
6207,1
6208,1
6209,1
6210,1
6211,1
6212,1
6213,1
6214,1
6215,1
6216,1
6217,1
6218,1
6219,1
6220,1
6221,1
6222,1
6223,1
6224,1
6225,1
6226,1
6227,1
6228,1
6229,1
6230,1
6231,1
6232,1
6233,1
6234,1
6235,1
6236,1
6237,1
6238,1
6239,1
6240,1
6241,1
6242,1
6243,1
6244,1
6245,1
6246,1
6247,1
6248,1
6249,1
6250,1
6251,1
6252,1
6253,1
6254,1
6255,1
6256,1
6257,1
6258,1
6259,1
6260,1
6261,1
6262,1
6263,1
6264,1
6265,1
6266,1
6267,1
6268,1
6269,1
6270,1
6271,1
6272,1
6273,1
6274,1
6275,1
6276,1
6277,1
6278,1
6279,1
6280,1
6281,1
6282,1
6283,1
6284,1
6285,1
6286,1
6287,1
6288,1
6289,1
6290,1
6291,1
6292,1
6293,1
6294,1
6295,1
6296,1
6297,1
6298,1
6299,1
6300,1
6301,1
6302,1
6303,1
6304,1
6305,1
6306,1
6307,1
6308,1
6309,1
6310,1
6311,1
6312,1
6313,1
6314,1
6315,1
6316,1
6317,1
6318,1
6319,1
6320,1
6321,1
6322,1
6323,1
6324,1
6325,1
6326,1
6327,1
6328,1
6329,1
6330,1
6331,1
6332,1
6333,1
6334,1
6335,1
6336,1
6337,1
6338,1
6339,1
6340,1
6341,1
6342,1
6343,1
6344,1
6345,1
6346,1
6347,1
6348,1
6349,1
6350,1
6351,1
6352,1
6353,1
6354,1
6355,1
6356,1
6357,1
6358,1
6359,1
6360,1
6361,1
6362,1
6363,1
6364,1
6365,1
6366,1
6367,1
6368,1
6369,1
6370,1
6371,1
6372,1
6373,1
6374,1
6375,1
6376,1
6377,1
6378,1
6379,1
6380,1
6381,1
6382,1
6383,1
6384,1
6385,1
6386,1
6387,1
6388,1
6389,1
6390,1
6391,1
6392,1
6393,1
6394,1
6395,1
6396,1
6397,1
6398,1
6399,1
6400,1
6401,1
6402,1
6403,1
6404,1
6405,1
6406,1
6407,1
6408,1
6409,1
6410,1
6411,1
6412,1
6413,1
6414,1
6415,1
6416,1
6417,1
6418,1
6419,1
6420,1
6421,1
6422,1
6423,1
6424,1
6425,1
6426,1
6427,1
6428,1
6429,1
6430,1
6431,1
6432,1
6433,1
6434,1
6435,1
6436,1
6437,1
6438,1
6439,1
6440,1
6441,1
6442,1
6443,1
6444,1
6445,1
6446,1
6447,1
6448,1
6449,1
6450,1
6451,1
6452,1
6453,1
6454,1
6455,1
6456,1
6457,1
6458,1
6459,1
6460,1
6461,1
6462,1
6463,1
6464,1
6465,1
6466,1
6467,1
6468,1
6469,1
6470,1
6471,1
6472,1
6473,1
6474,1
6475,1
6476,1
6477,1
6478,1
6479,1
6480,1
6481,1
6482,1
6483,1
6484,1
6485,1
6486,1
6487,1
6488,1
6489,1
6490,1
6491,1
6492,1
6493,1
6494,1
6495,1
6496,1
6497,1
6498,1
6499,1
6500,1
6501,1
6502,1
6503,1
6504,1
6505,1
6506,1
6507,1
6508,1
6509,1
6510,1
6511,1
6512,1
6513,1
6514,1
6515,1
6516,1
6517,1
6518,1
6519,1
6520,1
6521,1
6522,1
6523,1
6524,1
6525,1
6526,1
6527,1
6528,1
6529,1
6530,1
6531,1
6532,1
6533,1
6534,1
6535,1
6536,1
6537,1
6538,1
6539,1
6540,1
6541,1
6542,1
6543,1
6544,1
6545,1
6546,1
6547,1
6548,1
6549,1
6550,1
6551,1
6552,1
6553,1
6554,1
6555,1
6556,1
6557,1
6558,1
6559,1
6560,1
6561,1
6562,1
6563,1
6564,1
6565,1
6566,1
6567,1
6568,1
6569,1
6570,1
6571,1
6572,1
6573,1
6574,1
6575,1
6576,1
6577,1
6578,1
6579,1
6580,1
6581,1
6582,1
6583,1
6584,1
6585,1
6586,1
6587,1
6588,1
6589,1
6590,1
6591,1
6592,1
6593,1
6594,1
6595,1
6596,1
6597,1
6598,1
6599,1
6600,1
6601,1
6602,1
6603,1
6604,1
6605,1
6606,1
6607,1
6608,1
6609,1
6610,1
6611,1
6612,1
6613,1
6614,1
6615,1
6616,1
6617,1
6618,1
6619,1
6620,1
6621,1
6622,1
6623,1
6624,1
6625,1
6626,1
6627,1
6628,1
6629,1
6630,1
6631,1
6632,1
6633,1
6634,1
6635,1
6636,1
6637,1
6638,1
6639,1
6640,1
6641,1
6642,1
6643,1
6644,1
6645,1
6646,1
6647,1
6648,1
6649,1
6650,1
6651,1
6652,1
6653,1
6654,1
6655,1
6656,1
6657,1
6658,1
6659,1
6660,1
6661,1
6662,1
6663,1
6664,1
6665,1
6666,1
6667,1
6668,1
6669,1
6670,1
6671,1
6672,1
6673,1
6674,1
6675,1
6676,1
6677,1
6678,1
6679,1
6680,1
6681,1
6682,1
6683,1
6684,1
6685,1
6686,1
6687,1
6688,1
6689,1
6690,1
6691,1
6692,1
6693,1
6694,1
6695,1
6696,1
6697,1
6698,1
6699,1
6700,1
6701,1
6702,1
6703,1
6704,1
6705,1
6706,1
6707,1
6708,1
6709,1
6710,1
6711,1
6712,1
6713,1
6714,1
6715,1
6716,1
6717,1
6718,1
6719,1
6720,1
6721,1
6722,1
6723,1
6724,1
6725,1
6726,1
6727,1
6728,1
6729,1
6730,1
6731,1
6732,1
6733,1
6734,1
6735,1
6736,1
6737,1
6738,1
6739,1
6740,1
6741,1
6742,1
6743,1
6744,1
6745,1
6746,1
6747,1
6748,1
6749,1
6750,1
6751,1
6752,1
6753,1
6754,1
6755,1
6756,1
6757,1
6758,1
6759,1
6760,1
6761,1
6762,1
6763,1
6764,1
6765,1
6766,1
6767,1
6768,1
6769,1
6770,1
6771,1
6772,1
6773,1
6774,1
6775,1
6776,1
6777,1
6778,1
6779,1
6780,1
6781,1
6782,1
6783,1
6784,1
6785,1
6786,1
6787,1
6788,1
6789,1
6790,1
6791,1
6792,1
6793,1
6794,1
6795,1
6796,1
6797,1
6798,1
6799,1
6800,1
6801,1
6802,1
6803,1
6804,1
6805,1
6806,1
6807,1
6808,1
6809,1
6810,1
6811,1
6812,1
6813,1
6814,1
6815,1
6816,1
6817,1
6818,1
6819,1
6820,1
6821,1
6822,1
6823,1
6824,1
6825,1
6826,1
6827,1
6828,1
6829,1
6830,1
6831,1
6832,1
6833,1
6834,1
6835,1
6836,1
6837,1
6838,1
6839,1
6840,1
6841,1
6842,1
6843,1
6844,1
6845,1
6846,1
6847,1
6848,1
6849,1
6850,1
6851,1
6852,1
6853,1
6854,1
6855,1
6856,1
6857,1
6858,1
6859,1
6860,1
6861,1
6862,1
6863,1
6864,1
6865,1
6866,1
6867,1
6868,1
6869,1
6870,1
6871,1
6872,1
6873,1
6874,1
6875,1
6876,1
6877,1
6878,1
6879,1
6880,1
6881,1
6882,1
6883,1
6884,1
6885,1
6886,1
6887,1
6888,1
6889,1
6890,1
6891,1
6892,1
6893,1
6894,1
6895,1
6896,1
6897,1
6898,1
6899,1
6900,1
6901,1
6902,1
6903,1
6904,1
6905,1
6906,1
6907,1
6908,1
6909,1
6910,1
6911,1
6912,1
6913,1
6914,1
6915,1
6916,1
6917,1
6918,1
6919,1
6920,1
6921,1
6922,1
6923,1
6924,1
6925,1
6926,1
6927,1
6928,1
6929,1
6930,1
6931,1
6932,1
6933,1
6934,1
6935,1
6936,1
6937,1
6938,1
6939,1
6940,1
6941,1
6942,1
6943,1
6944,1
6945,1
6946,1
6947,1
6948,1
6949,1
6950,1
6951,1
6952,1
6953,1
6954,1
6955,1
6956,1
6957,1
6958,1
6959,1
6960,1
6961,1
6962,1
6963,1
6964,1
6965,1
6966,1
6967,1
6968,1
6969,1
6970,1
6971,1
6972,1
6973,1
6974,1
6975,1
6976,1
6977,1
6978,1
6979,1
6980,1
6981,1
6982,1
6983,1
6984,1
6985,1
6986,1
6987,1
6988,1
6989,1
6990,1
6991,1
6992,1
6993,1
6994,1
6995,1
6996,1
6997,1
6998,1
6999,1
7000,1
7001,1
7002,1
7003,1
7004,1
7005,1
7006,1
7007,1
7008,1
7009,1
7010,1
7011,1
7012,1
7013,1
7014,1
7015,1
7016,1
7017,1
7018,1
7019,1
7020,1
7021,1
7022,1
7023,1
7024,1
7025,1
7026,1
7027,1
7028,1
7029,1
7030,1
7031,1
7032,1
7033,1
7034,1
7035,1
7036,1
7037,1
7038,1
7039,1
7040,1
7041,1
7042,1
7043,1
7044,1
7045,1
7046,1
7047,1
7048,1
7049,1
7050,1
7051,1
7052,1
7053,1
7054,1
7055,1
7056,1
7057,1
7058,1
7059,1
7060,1
7061,1
7062,1
7063,1
7064,1
7065,1
7066,1
7067,1
7068,1
7069,1
7070,1
7071,1
7072,1
7073,1
7074,1
7075,1
7076,1
7077,1
7078,1
7079,1
7080,1
7081,1
7082,1
7083,1
7084,1
7085,1
7086,1
7087,1
7088,1
7089,1
7090,1
7091,1
7092,1
7093,1
7094,1
7095,1
7096,1
7097,1
7098,1
7099,1
7100,1
7101,1
7102,1
7103,1
7104,1
7105,1
7106,1
7107,1
7108,1
7109,1
7110,1
7111,1
7112,1
7113,1
7114,1
7115,1
7116,1
7117,1
7118,1
7119,1
7120,1
7121,1
7122,1
7123,1
7124,1
7125,1
7126,1
7127,1
7128,1
7129,1
7130,1
7131,1
7132,1
7133,1
7134,1
7135,1
7136,1
7137,1
7138,1
7139,1
7140,1
7141,1
7142,1
7143,1
7144,1
7145,1
7146,1
7147,1
7148,1
7149,1
7150,1
7151,1
7152,1
7153,1
7154,1
7155,1
7156,1
7157,1
7158,1
7159,1
7160,1
7161,1
7162,1
7163,1
7164,1
7165,1
7166,1
7167,1
7168,1
7169,1
7170,1
7171,1
7172,1
7173,1
7174,1
7175,1
7176,1
7177,1
7178,1
7179,1
7180,1
7181,1
7182,1
7183,1
7184,1
7185,1
7186,1
7187,1
7188,1
7189,1
7190,1
7191,1
7192,1
7193,1
7194,1
7195,1
7196,1
7197,1
7198,1
7199,1
7200,1
7201,1
7202,1
7203,1
7204,1
7205,1
7206,1
7207,1
7208,1
7209,1
7210,1
7211,1
7212,1
7213,1
7214,1
7215,1
7216,1
7217,1
7218,1
7219,1
7220,1
7221,1
7222,1
7223,1
7224,1
7225,1
7226,1
7227,1
7228,1
7229,1
7230,1
7231,1
7232,1
7233,1
7234,1
7235,1
7236,1
7237,1
7238,1
7239,1
7240,1
7241,1
7242,1
7243,1
7244,1
7245,1
7246,1
7247,1
7248,1
7249,1
7250,1
7251,1
7252,1
7253,1
7254,1
7255,1
7256,1
7257,1
7258,1
7259,1
7260,1
7261,1
7262,1
7263,1
7264,1
7265,1
7266,1
7267,1
7268,1
7269,1
7270,1
7271,1
7272,1
7273,1
7274,1
7275,1
7276,1
7277,1
7278,1
7279,1
7280,1
7281,1
7282,1
7283,1
7284,1
7285,1
7286,1
7287,1
7288,1
7289,1
7290,1
7291,1
7292,1
7293,1
7294,1
7295,1
7296,1
7297,1
7298,1
7299,1
7300,1
7301,1
7302,1
7303,1
7304,1
7305,1
7306,1
7307,1
7308,1
7309,1
7310,1
7311,1
7312,1
7313,1
7314,1
7315,1
7316,1
7317,1
7318,1
7319,1
7320,1
7321,1
7322,1
7323,1
7324,1
7325,1
7326,1
7327,1
7328,1
7329,1
7330,1
7331,1
7332,1
7333,1
7334,1
7335,1
7336,1
7337,1
7338,1
7339,1
7340,1
7341,1
7342,1
7343,1
7344,1
7345,1
7346,1
7347,1
7348,1
7349,1
7350,1
7351,1
7352,1
7353,1
7354,1
7355,1
7356,1
7357,1
7358,1
7359,1
7360,1
7361,1
7362,1
7363,1
7364,1
7365,1
7366,1
7367,1
7368,1
7369,1
7370,1
7371,1
7372,1
7373,1
7374,1
7375,1
7376,1
7377,1
7378,1
7379,1
7380,1
7381,1
7382,1
7383,1
7384,1
7385,1
7386,1
7387,1
7388,1
7389,1
7390,1
7391,1
7392,1
7393,1
7394,1
7395,1
7396,1
7397,1
7398,1
7399,1
7400,1
7401,1
7402,1
7403,1
7404,1
7405,1
7406,1
7407,1
7408,1
7409,1
7410,1
7411,1
7412,1
7413,1
7414,1
7415,1
7416,1
7417,1
7418,1
7419,1
7420,1
7421,1
7422,1
7423,1
7424,1
7425,1
7426,1
7427,1
7428,1
7429,1
7430,1
7431,1
7432,1
7433,1
7434,1
7435,1
7436,1
7437,1
7438,1
7439,1
7440,1
7441,1
7442,1
7443,1
7444,1
7445,1
7446,1
7447,1
7448,1
7449,1
7450,1
7451,1
7452,1
7453,1
7454,1
7455,1
7456,1
7457,1
7458,1
7459,1
7460,1
7461,1
7462,1
7463,1
7464,1
7465,1
7466,1
7467,1
7468,1
7469,1
7470,1
7471,1
7472,1
7473,1
7474,1
7475,1
7476,1
7477,1
7478,1
7479,1
7480,1
7481,1
7482,1
7483,1
7484,1
7485,1
7486,1
7487,1
7488,1
7489,1
7490,1
7491,1
7492,1
7493,1
7494,1
7495,1
7496,1
7497,1
7498,1
7499,1
7500,1
7501,1
7502,1
7503,1
7504,1
7505,1
7506,1
7507,1
7508,1
7509,1
7510,1
7511,1
7512,1
7513,1
7514,1
7515,1
7516,1
7517,1
7518,1
7519,1
7520,1
7521,1
7522,1
7523,1
7524,1
7525,1
7526,1
7527,1
7528,1
7529,1
7530,1
7531,1
7532,1
7533,1
7534,1
7535,1
7536,1
7537,1
7538,1
7539,1
7540,1
7541,1
7542,1
7543,1
7544,1
7545,1
7546,1
7547,1
7548,1
7549,1
7550,1
7551,1
7552,1
7553,1
7554,1
7555,1
7556,1
7557,1
7558,1
7559,1
7560,1
7561,1
7562,1
7563,1
7564,1
7565,1
7566,1
7567,1
7568,1
7569,1
7570,1
7571,1
7572,1
7573,1
7574,1
7575,1
7576,1
7577,1
7578,1
7579,1
7580,1
7581,1
7582,1
7583,1
7584,1
7585,1
7586,1
7587,1
7588,1
7589,1
7590,1
7591,1
7592,1
7593,1
7594,1
7595,1
7596,1
7597,1
7598,1
7599,1
7600,1
7601,1
7602,1
7603,1
7604,1
7605,1
7606,1
7607,1
7608,1
7609,1
7610,1
7611,1
7612,1
7613,1
7614,1
7615,1
7616,1
7617,1
7618,1
7619,1
7620,1
7621,1
7622,1
7623,1
7624,1
7625,1
7626,1
7627,1
7628,1
7629,1
7630,1
7631,1
7632,1
7633,1
7634,1
7635,1
7636,1
7637,1
7638,1
7639,1
7640,1
7641,1
7642,1
7643,1
7644,1
7645,1
7646,1
7647,1
7648,1
7649,1
7650,1
7651,1
7652,1
7653,1
7654,1
7655,1
7656,1
7657,1
7658,1
7659,1
7660,1
7661,1
7662,1
7663,1
7664,1
7665,1
7666,1
7667,1
7668,1
7669,1
7670,1
7671,1
7672,1
7673,1
7674,1
7675,1
7676,1
7677,1
7678,1
7679,1
7680,1
7681,1
7682,1
7683,1
7684,1
7685,1
7686,1
7687,1
7688,1
7689,1
7690,1
7691,1
7692,1
7693,1
7694,1
7695,1
7696,1
7697,1
7698,1
7699,1
7700,1
7701,1
7702,1
7703,1
7704,1
7705,1
7706,1
7707,1
7708,1
7709,1
7710,1
7711,1
7712,1
7713,1
7714,1
7715,1
7716,1
7717,1
7718,1
7719,1
7720,1
7721,1
7722,1
7723,1
7724,1
7725,1
7726,1
7727,1
7728,1
7729,1
7730,1
7731,1
7732,1
7733,1
7734,1
7735,1
7736,1
7737,1
7738,1
7739,1
7740,1
7741,1
7742,1
7743,1
7744,1
7745,1
7746,1
7747,1
7748,1
7749,1
7750,1
7751,1
7752,1
7753,1
7754,1
7755,1
7756,1
7757,1
7758,1
7759,1
7760,1
7761,1
7762,1
7763,1
7764,1
7765,1
7766,1
7767,1
7768,1
7769,1
7770,1
7771,1
7772,1
7773,1
7774,1
7775,1
7776,1
7777,1
7778,1
7779,1
7780,1
7781,1
7782,1
7783,1
7784,1
7785,1
7786,1
7787,1
7788,1
7789,1
7790,1
7791,1
7792,1
7793,1
7794,1
7795,1
7796,1
7797,1
7798,1
7799,1
7800,1
7801,1
7802,1
7803,1
7804,1
7805,1
7806,1
7807,1
7808,1
7809,1
7810,1
7811,1
7812,1
7813,1
7814,1
7815,1
7816,1
7817,1
7818,1
7819,1
7820,1
7821,1
7822,1
7823,1
7824,1
7825,1
7826,1
7827,1
7828,1
7829,1
7830,1
7831,1
7832,1
7833,1
7834,1
7835,1
7836,1
7837,1
7838,1
7839,1
7840,1
7841,1
7842,1
7843,1
7844,1
7845,1
7846,1
7847,1
7848,1
7849,1
7850,1
7851,1
7852,1
7853,1
7854,1
7855,1
7856,1
7857,1
7858,1
7859,1
7860,1
7861,1
7862,1
7863,1
7864,1
7865,1
7866,1
7867,1
7868,1
7869,1
7870,1
7871,1
7872,1
7873,1
7874,1
7875,1
7876,1
7877,1
7878,1
7879,1
7880,1
7881,1
7882,1
7883,1
7884,1
7885,1
7886,1
7887,1
7888,1
7889,1
7890,1
7891,1
7892,1
7893,1
7894,1
7895,1
7896,1
7897,1
7898,1
7899,1
7900,1
7901,1
7902,1
7903,1
7904,1
7905,1
7906,1
7907,1
7908,1
7909,1
7910,1
7911,1
7912,1
7913,1
7914,1
7915,1
7916,1
7917,1
7918,1
7919,1
7920,1
7921,1
7922,1
7923,1
7924,1
7925,1
7926,1
7927,1
7928,1
7929,1
7930,1
7931,1
7932,1
7933,1
7934,1
7935,1
7936,1
7937,1
7938,1
7939,1
7940,1
7941,1
7942,1
7943,1
7944,1
7945,1
7946,1
7947,1
7948,1
7949,1
7950,1
7951,1
7952,1
7953,1
7954,1
7955,1
7956,1
7957,1
7958,1
7959,1
7960,1
7961,1
7962,1
7963,1
7964,1
7965,1
7966,1
7967,1
7968,1
7969,1
7970,1
7971,1
7972,1
7973,1
7974,1
7975,1
7976,1
7977,1
7978,1
7979,1
7980,1
7981,1
7982,1
7983,1
7984,1
7985,1
7986,1
7987,1
7988,1
7989,1
7990,1
7991,1
7992,1
7993,1
7994,1
7995,1
7996,1
7997,1
7998,1
7999,1
8000,1
8001,1
8002,1
8003,1
8004,1
8005,1
8006,1
8007,1
8008,1
8009,1
8010,1
8011,1
8012,1
8013,1
8014,1
8015,1
8016,1
8017,1
8018,1
8019,1
8020,1
8021,1
8022,1
8023,1
8024,1
8025,1
8026,1
8027,1
8028,1
8029,1
8030,1
8031,1
8032,1
8033,1
8034,1
8035,1
8036,1
8037,1
8038,1
8039,1
8040,1
8041,1
8042,1
8043,1
8044,1
8045,1
8046,1
8047,1
8048,1
8049,1
8050,1
8051,1
8052,1
8053,1
8054,1
8055,1
8056,1
8057,1
8058,1
8059,1
8060,1
8061,1
8062,1
8063,1
8064,1
8065,1
8066,1
8067,1
8068,1
8069,1
8070,1
8071,1
8072,1
8073,1
8074,1
8075,1
8076,1
8077,1
8078,1
8079,1
8080,1
8081,1
8082,1
8083,1
8084,1
8085,1
8086,1
8087,1
8088,1
8089,1
8090,1
8091,1
8092,1
8093,1
8094,1
8095,1
8096,1
8097,1
8098,1
8099,1
8100,1
8101,1
8102,1
8103,1
8104,1
8105,1
8106,1
8107,1
8108,1
8109,1
8110,1
8111,1
8112,1
8113,1
8114,1
8115,1
8116,1
8117,1
8118,1
8119,1
8120,1
8121,1
8122,1
8123,1
8124,1
8125,1
8126,1
8127,1
8128,1
8129,1
8130,1
8131,1
8132,1
8133,1
8134,1
8135,1
8136,1
8137,1
8138,1
8139,1
8140,1
8141,1
8142,1
8143,1
8144,1
8145,1
8146,1
8147,1
8148,1
8149,1
8150,1
8151,1
8152,1
8153,1
8154,1
8155,1
8156,1
8157,1
8158,1
8159,1
8160,1
8161,1
8162,1
8163,1
8164,1
8165,1
8166,1
8167,1
8168,1
8169,1
8170,1
8171,1
8172,1
8173,1
8174,1
8175,1
8176,1
8177,1
8178,1
8179,1
8180,1
8181,1
8182,1
8183,1
8184,1
8185,1
8186,1
8187,1
8188,1
8189,1
8190,1
8191,1
8192,1
8193,1
8194,1
8195,1
8196,1
8197,1
8198,1
8199,1
8200,1
8201,1
8202,1
8203,1
8204,1
8205,1
8206,1
8207,1
8208,1
8209,1
8210,1
8211,1
8212,1
8213,1
8214,1
8215,1
8216,1
8217,1
8218,1
8219,1
8220,1
8221,1
8222,1
8223,1
8224,1
8225,1
8226,1
8227,1
8228,1
8229,1
8230,1
8231,1
8232,1
8233,1
8234,1
8235,1
8236,1
8237,1
8238,1
8239,1
8240,1
8241,1
8242,1
8243,1
8244,1
8245,1
8246,1
8247,1
8248,1
8249,1
8250,1
8251,1
8252,1
8253,1
8254,1
8255,1
8256,1
8257,1
8258,1
8259,1
8260,1
8261,1
8262,1
8263,1
8264,1
8265,1
8266,1
8267,1
8268,1
8269,1
8270,1
8271,1
8272,1
8273,1
8274,1
8275,1
8276,1
8277,1
8278,1
8279,1
8280,1
8281,1
8282,1
8283,1
8284,1
8285,1
8286,1
8287,1
8288,1
8289,1
8290,1
8291,1
8292,1
8293,1
8294,1
8295,1
8296,1
8297,1
8298,1
8299,1
8300,1
8301,1
8302,1
8303,1
8304,1
8305,1
8306,1
8307,1
8308,1
8309,1
8310,1
8311,1
8312,1
8313,1
8314,1
8315,1
8316,1
8317,1
8318,1
8319,1
8320,1
8321,1
8322,1
8323,1
8324,1
8325,1
8326,1
8327,1
8328,1
8329,1
8330,1
8331,1
8332,1
8333,1
8334,1
8335,1
8336,1
8337,1
8338,1
8339,1
8340,1
8341,1
8342,1
8343,1
8344,1
8345,1
8346,1
8347,1
8348,1
8349,1
8350,1
8351,1
8352,1
8353,1
8354,1
8355,1
8356,1
8357,1
8358,1
8359,1
8360,1
8361,1
8362,1
8363,1
8364,1
8365,1
8366,1
8367,1
8368,1
8369,1
8370,1
8371,1
8372,1
8373,1
8374,1
8375,1
8376,1
8377,1
8378,1
8379,1
8380,1
8381,1
8382,1
8383,1
8384,1
8385,1
8386,1
8387,1
8388,1
8389,1
8390,1
8391,1
8392,1
8393,1
8394,1
8395,1
8396,1
8397,1
8398,1
8399,1
8400,1
8401,1
8402,1
8403,1
8404,1
8405,1
8406,1
8407,1
8408,1
8409,1
8410,1
8411,1
8412,1
8413,1
8414,1
8415,1
8416,1
8417,1
8418,1
8419,1
8420,1
8421,1
